"","Link","GeneSymbol","Type","consequence","ClinicalSignificance","review","PhenotypeList","Name","ref_aa","alt_aa","pos_aa","CADD_phred","gnomAD_binary_char"
"3","<a href=""https://www.ncbi.nlm.nih.gov/clinvar/variation/6354"" target=""_blank"">6354</a>","SCN9A","Deletion","Stop gain","Pathogenic","No assertion criteria provided","Indifference to pain, congenital, autosomal recessive","NM_001365536.1(SCN9A):c.2331del (p.Ala777_Ile778insTer)","Ala","_Ile778insTer",NA,"2.110738","No"
"26","<a href=""https://www.ncbi.nlm.nih.gov/clinvar/variation/21305"" target=""_blank"">21305</a>","NTRK1","Deletion","Frameshift","Pathogenic","No assertion criteria provided","Hereditary insensitivity to pain with anhidrosis","NM_001007792.1(NTRK1):c.1552del (p.Arg518fs)","Arg","fs",518,"3.690660","No"
"27","<a href=""https://www.ncbi.nlm.nih.gov/clinvar/variation/21306"" target=""_blank"">21306</a>","NTRK1","Insertion","Frameshift","Pathogenic","Criteria provided/ multiple submitters/ no conflicts","Hereditary insensitivity to pain with anhidrosis|Not provided/ not specified","NM_001007792.1(NTRK1):c.1752_1753insT (p.Pro585fs)","Pro","fs",585,"4.828426","No"
"32","<a href=""https://www.ncbi.nlm.nih.gov/clinvar/variation/29920"" target=""_blank"">29920</a>","NTRK1","Deletion","Intronic","Pathogenic","No assertion criteria provided","Hereditary insensitivity to pain with anhidrosis","NM_001007792.1(NTRK1):c.123-3213_123-3212del",NA,NA,NA,NA,NA
"37","<a href=""https://www.ncbi.nlm.nih.gov/clinvar/variation/65491"" target=""_blank"">65491</a>","NTRK1","Deletion","Intronic","Pathogenic","No assertion criteria provided","Hereditary insensitivity to pain with anhidrosis","NM_002529.3(NTRK1):c.1354+13_1634del",NA,NA,NA,NA,NA
"68","<a href=""https://www.ncbi.nlm.nih.gov/clinvar/variation/167657"" target=""_blank"">167657</a>","SCN9A","Microsatellite","Intronic","Benign","Criteria provided/ multiple submitters/ no conflicts","Not provided/ not specified|Inherited Erythromelalgia|Small fiber neuropathy|Paroxysmal extreme pain disorder|Congenital Indifference to Pain|Not provided/ not specified|Hereditary sensory and autonomic neuropathy type IIA;Generalized epilepsy with febrile seizures plus, type 7","NM_001365536.1(SCN9A):c.4399-10_4399-7del",NA,NA,NA,NA,NA
"71","<a href=""https://www.ncbi.nlm.nih.gov/clinvar/variation/167661"" target=""_blank"">167661</a>","SCN9A","Duplication","Intronic","Benign","Criteria provided/ multiple submitters/ no conflicts","Not provided/ not specified|Generalized epilepsy with febrile seizures plus, type 7;Hereditary sensory and autonomic neuropathy type IIA|Severe myoclonic epilepsy in infancy|Congenital Indifference to Pain|Familial febrile seizures|Generalized epilepsy with febrile seizures plus|Small fiber neuropathy|Paroxysmal extreme pain disorder|Inherited Erythromelalgia|Generalized epilepsy with febrile seizures plus, type 7;Primary erythromelalgia;Severe myoclonic epilepsy in infancy|Not provided/ not specified|Hereditary sensory and autonomic neuropathy type IIA","NM_001365536.1(SCN9A):c.1975-12dup",NA,NA,NA,"0.865757","Yes"
"76","<a href=""https://www.ncbi.nlm.nih.gov/clinvar/variation/194207"" target=""_blank"">194207</a>","SCN9A","Deletion","Intronic","Benign/Likely benign","Criteria provided/ multiple submitters/ no conflicts","Not provided/ not specified|Hereditary sensory and autonomic neuropathy type IIA;Generalized epilepsy with febrile seizures plus, type 7|Severe myoclonic epilepsy in infancy|Small fiber neuropathy|Generalized epilepsy with febrile seizures plus|Paroxysmal extreme pain disorder|Inherited Erythromelalgia|Congenital Indifference to Pain|Familial febrile seizures","NM_001365536.1(SCN9A):c.1975-3del",NA,NA,NA,"NA0.287151","Yes"
"144","<a href=""https://www.ncbi.nlm.nih.gov/clinvar/variation/292891"" target=""_blank"">292891</a>","NTRK1","Deletion","Intronic","Benign/Likely benign","Criteria provided/ multiple submitters/ no conflicts","Hereditary insensitivity to pain with anhidrosis|Not provided/ not specified|Not provided/ not specified","NM_001007792.1(NTRK1):c.1698-4del",NA,NA,NA,"0.468970","Yes"
"152","<a href=""https://www.ncbi.nlm.nih.gov/clinvar/variation/331908"" target=""_blank"">331908</a>","SCN9A","Deletion","3-UTR","Benign","Criteria provided/ single submitter","Severe myoclonic epilepsy in infancy|Generalized epilepsy with febrile seizures plus|Familial febrile seizures|Paroxysmal extreme pain disorder|Small fiber neuropathy|Inherited Erythromelalgia|Congenital Indifference to Pain","NM_001365536.1(SCN9A):c.*2616_*2626del",NA,NA,NA,NA,NA
"157","<a href=""https://www.ncbi.nlm.nih.gov/clinvar/variation/331950"" target=""_blank"">331950</a>","SCN9A","Duplication","3-UTR","Benign","Criteria provided/ single submitter","Congenital Indifference to Pain|Small fiber neuropathy|Paroxysmal extreme pain disorder|Inherited Erythromelalgia","NM_001365536.1(SCN9A):c.*244_*247dup",NA,NA,NA,NA,NA
"174","<a href=""https://www.ncbi.nlm.nih.gov/clinvar/variation/331924"" target=""_blank"">331924</a>","SCN9A","Duplication","3-UTR","Likely benign","Criteria provided/ single submitter","Severe myoclonic epilepsy in infancy|Inherited Erythromelalgia|Paroxysmal extreme pain disorder|Small fiber neuropathy|Congenital Indifference to Pain|Generalized epilepsy with febrile seizures plus|Familial febrile seizures","NM_001365536.1(SCN9A):c.*1960_*1962dup",NA,NA,NA,NA,NA
"177","<a href=""https://www.ncbi.nlm.nih.gov/clinvar/variation/331929"" target=""_blank"">331929</a>","SCN9A","Deletion","3-UTR","Likely benign","Criteria provided/ single submitter","Familial febrile seizures|Inherited Erythromelalgia|Congenital Indifference to Pain|Generalized epilepsy with febrile seizures plus|Severe myoclonic epilepsy in infancy|Small fiber neuropathy|Paroxysmal extreme pain disorder","NM_001365536.1(SCN9A):c.*1605_*1606del",NA,NA,NA,NA,NA
"183","<a href=""https://www.ncbi.nlm.nih.gov/clinvar/variation/331942"" target=""_blank"">331942</a>","SCN9A","Duplication","3-UTR","Benign","Criteria provided/ single submitter","Inherited Erythromelalgia|Paroxysmal extreme pain disorder|Congenital Indifference to Pain|Severe myoclonic epilepsy in infancy|Small fiber neuropathy|Familial febrile seizures|Generalized epilepsy with febrile seizures plus","NM_001365536.1(SCN9A):c.*798dup",NA,NA,NA,"NA0.083502","No"
"184","<a href=""https://www.ncbi.nlm.nih.gov/clinvar/variation/331946"" target=""_blank"">331946</a>","SCN9A","Deletion","3-UTR","Benign","Criteria provided/ single submitter","Inherited Erythromelalgia|Paroxysmal extreme pain disorder|Congenital Indifference to Pain|Small fiber neuropathy","NM_001365536.1(SCN9A):c.*529_*530del",NA,NA,NA,NA,NA
"185","<a href=""https://www.ncbi.nlm.nih.gov/clinvar/variation/331947"" target=""_blank"">331947</a>","SCN9A","Deletion","3-UTR","Uncertain/conflicting","Criteria provided/ single submitter","Inherited Erythromelalgia|Severe myoclonic epilepsy in infancy|Paroxysmal extreme pain disorder|Familial febrile seizures|Small fiber neuropathy|Generalized epilepsy with febrile seizures plus|Congenital Indifference to Pain","NM_001365536.1(SCN9A):c.*491del",NA,NA,NA,NA,"No"
"187","<a href=""https://www.ncbi.nlm.nih.gov/clinvar/variation/331956"" target=""_blank"">331956</a>","SCN9A","Duplication","3-UTR","Uncertain/conflicting","Criteria provided/ single submitter","Generalized epilepsy with febrile seizures plus|Severe myoclonic epilepsy in infancy|Congenital Indifference to Pain|Small fiber neuropathy|Paroxysmal extreme pain disorder|Inherited Erythromelalgia|Familial febrile seizures","NM_001365536.1(SCN9A):c.*165_*167dup",NA,NA,NA,NA,NA
"194","<a href=""https://www.ncbi.nlm.nih.gov/clinvar/variation/331976"" target=""_blank"">331976</a>","SCN9A","Deletion","Intronic","Benign/Likely benign","Criteria provided/ multiple submitters/ no conflicts","Generalized epilepsy with febrile seizures plus|Congenital Indifference to Pain|Paroxysmal extreme pain disorder|Inherited Erythromelalgia|Small fiber neuropathy|Familial febrile seizures|Severe myoclonic epilepsy in infancy|Hereditary sensory and autonomic neuropathy type IIA;Generalized epilepsy with febrile seizures plus, type 7","NM_001365536.1(SCN9A):c.2875-5del",NA,NA,NA,"0.089692","Yes"
"203","<a href=""https://www.ncbi.nlm.nih.gov/clinvar/variation/331904"" target=""_blank"">331904</a>","SCN9A","Deletion","3-UTR","Uncertain/conflicting","Criteria provided/ single submitter","Small fiber neuropathy|Familial febrile seizures|Paroxysmal extreme pain disorder|Congenital Indifference to Pain|Inherited Erythromelalgia|Generalized epilepsy with febrile seizures plus|Severe myoclonic epilepsy in infancy","NM_001365536.1(SCN9A):c.*2744del",NA,NA,NA,NA,"No"
"211","<a href=""https://www.ncbi.nlm.nih.gov/clinvar/variation/331944"" target=""_blank"">331944</a>","SCN9A","Duplication","3-UTR","Benign","Criteria provided/ single submitter","Congenital Indifference to Pain|Paroxysmal extreme pain disorder|Inherited Erythromelalgia|Small fiber neuropathy","NM_001365536.1(SCN9A):c.*771_*772dup",NA,NA,NA,NA,NA
"237","<a href=""https://www.ncbi.nlm.nih.gov/clinvar/variation/331930"" target=""_blank"">331930</a>","SCN9A","Deletion","3-UTR","Benign","Criteria provided/ single submitter","Small fiber neuropathy|Inherited Erythromelalgia|Congenital Indifference to Pain|Paroxysmal extreme pain disorder","NM_001365536.1(SCN9A):c.*1605del",NA,NA,NA,"NA0.265743","No"
"239","<a href=""https://www.ncbi.nlm.nih.gov/clinvar/variation/331933"" target=""_blank"">331933</a>","SCN9A","Duplication","3-UTR","Likely benign","Criteria provided/ single submitter","Congenital Indifference to Pain|Inherited Erythromelalgia|Paroxysmal extreme pain disorder|Small fiber neuropathy","NM_001365536.1(SCN9A):c.*1434dup",NA,NA,NA,"0.198202","No"
"240","<a href=""https://www.ncbi.nlm.nih.gov/clinvar/variation/331936"" target=""_blank"">331936</a>","SCN9A","Insertion","3-UTR","Benign","Criteria provided/ single submitter","Congenital Indifference to Pain|Small fiber neuropathy|Paroxysmal extreme pain disorder|Inherited Erythromelalgia","NM_001365536.1(SCN9A):c.*1118_*1119insCA",NA,NA,NA,NA,NA
"242","<a href=""https://www.ncbi.nlm.nih.gov/clinvar/variation/331948"" target=""_blank"">331948</a>","SCN9A","Duplication","3-UTR","Benign","Criteria provided/ single submitter","Inherited Erythromelalgia|Congenital Indifference to Pain|Small fiber neuropathy|Paroxysmal extreme pain disorder","NM_001365536.1(SCN9A):c.*416dup",NA,NA,NA,"0.627328","No"
"247","<a href=""https://www.ncbi.nlm.nih.gov/clinvar/variation/331962"" target=""_blank"">331962</a>","SCN9A","Insertion","Intronic","Uncertain/conflicting","Criteria provided/ conflicting interpretations","Paroxysmal extreme pain disorder|Generalized epilepsy with febrile seizures plus|Small fiber neuropathy|Congenital Indifference to Pain|Severe myoclonic epilepsy in infancy|Inherited Erythromelalgia|Familial febrile seizures|Hereditary sensory and autonomic neuropathy type IIA;Generalized epilepsy with febrile seizures plus, type 7","NM_001365536.1(SCN9A):c.4503+8_4503+9insT",NA,NA,NA,"0.351277","Yes"
"248","<a href=""https://www.ncbi.nlm.nih.gov/clinvar/variation/331964"" target=""_blank"">331964</a>","SCN9A","Microsatellite","In frame indel","Uncertain/conflicting","Criteria provided/ single submitter","Congenital Indifference to Pain|Familial febrile seizures|Inherited Erythromelalgia|Generalized epilepsy with febrile seizures plus|Small fiber neuropathy|Severe myoclonic epilepsy in infancy|Paroxysmal extreme pain disorder","NM_001365536.1(SCN9A):c.4434GAA[1] (p.Lys1480del)","Lys","del",1480,NA,NA
"253","<a href=""https://www.ncbi.nlm.nih.gov/clinvar/variation/331978"" target=""_blank"">331978</a>","SCN9A","Deletion","Intronic","Benign","Criteria provided/ single submitter","Congenital Indifference to Pain|Paroxysmal extreme pain disorder|Small fiber neuropathy|Inherited Erythromelalgia","NM_001365536.1(SCN9A):c.2874+13del",NA,NA,NA,"0.424846","No"
"255","<a href=""https://www.ncbi.nlm.nih.gov/clinvar/variation/331989"" target=""_blank"">331989</a>","SCN9A","Duplication","Intronic","Likely benign","Criteria provided/ single submitter","Inherited Erythromelalgia|Small fiber neuropathy|Congenital Indifference to Pain|Paroxysmal extreme pain disorder","NM_001365536.1(SCN9A):c.1603-21dup",NA,NA,NA,"0.581381","Yes"
"268","<a href=""https://www.ncbi.nlm.nih.gov/clinvar/variation/374084"" target=""_blank"">374084</a>","HMBS","Deletion","Stop gain","Pathogenic","Criteria provided/ single submitter","Mood changes;Visual loss;Vomiting;Fever;Abdominal pain|Acute intermittent porphyria","NM_000190.4(HMBS):c.400del (p.Thr133_Leu134insTer)","Thr","_Leu134insTer",NA,"4.803827","No"
"269","<a href=""https://www.ncbi.nlm.nih.gov/clinvar/variation/373971"" target=""_blank"">373971</a>","HMBS","Deletion","Frameshift","Likely pathogenic","No assertion criteria provided","Acute episodes of neuropathic symptoms;Elevated urinary delta-aminolevulinic acid;Anxiety;Abdominal pain","NM_000190.4(HMBS):c.958del (p.Ala320fs)","Ala","fs",320,"5.447354","No"
"272","<a href=""https://www.ncbi.nlm.nih.gov/clinvar/variation/374096"" target=""_blank"">374096</a>","PHEX","Duplication","Stop gain","Pathogenic","Criteria provided/ single submitter","Lower limb pain;Hypophosphatemic rickets;Bowing of the legs","NM_000444.6(PHEX):c.2167_2170dup (p.Phe724Ter)","Phe","Ter",724,NA,NA
"294","<a href=""https://www.ncbi.nlm.nih.gov/clinvar/variation/424876"" target=""_blank"">424876</a>","PPM1D","Deletion","Frameshift","Pathogenic","Criteria provided/ single submitter","Intellectual developmental disorder with gastrointestinal difficulties and high pain threshold|Inborn genetic diseases","NM_003620.3(PPM1D):c.1216del (p.Thr406fs)","Thr","fs",406,"5.145573","No"
"295","<a href=""https://www.ncbi.nlm.nih.gov/clinvar/variation/424877"" target=""_blank"">424877</a>","PPM1D","Duplication","Frameshift","Pathogenic","No assertion criteria provided","Intellectual developmental disorder with gastrointestinal difficulties and high pain threshold","NM_003620.3(PPM1D):c.1270dup (p.Glu424fs)","Glu","fs",424,"4.854427","No"
"297","<a href=""https://www.ncbi.nlm.nih.gov/clinvar/variation/424879"" target=""_blank"">424879</a>","PPM1D","Duplication","Frameshift","Pathogenic","No assertion criteria provided","Intellectual developmental disorder with gastrointestinal difficulties and high pain threshold","NM_003620.3(PPM1D):c.1250dup (p.Pro418fs)","Pro","fs",418,"5.142657","No"
"302","<a href=""https://www.ncbi.nlm.nih.gov/clinvar/variation/444411"" target=""_blank"">444411</a>","PPM1D","Deletion","Frameshift","Likely pathogenic","Criteria provided/ multiple submitters/ no conflicts","Not provided/ not specified|Intellectual developmental disorder with gastrointestinal difficulties and high pain threshold","NM_003620.3(PPM1D):c.1237_1238del (p.Pro413fs)","Pro","fs",413,NA,NA
"330","<a href=""https://www.ncbi.nlm.nih.gov/clinvar/variation/471099"" target=""_blank"">471099</a>","SCN9A","Deletion","Frameshift","Pathogenic","Criteria provided/ multiple submitters/ no conflicts","Hereditary sensory and autonomic neuropathy type IIA;Generalized epilepsy with febrile seizures plus, type 7|Indifference to pain, congenital, autosomal recessive","NM_001365536.1(SCN9A):c.2454_2458del (p.Leu818fs)","Leu","fs",818,NA,NA
"351","<a href=""https://www.ncbi.nlm.nih.gov/clinvar/variation/474747"" target=""_blank"">474747</a>","SCN11A","Microsatellite","Stop gain","Uncertain/conflicting","Criteria provided/ single submitter","Neuropathy, hereditary sensory and autonomic, type VII;Episodic pain syndrome, familial, 3","NM_001349253.2(SCN11A):c.5261_5270dup (p.Asp1758_Gln1759insTer)","Asp","_Gln1759insTer",NA,NA,NA
"387","<a href=""https://www.ncbi.nlm.nih.gov/clinvar/variation/474686"" target=""_blank"">474686</a>","SCN11A","Microsatellite","In frame indel","Uncertain/conflicting","Criteria provided/ single submitter","Neuropathy, hereditary sensory and autonomic, type VII;Episodic pain syndrome, familial, 3","NM_001349253.2(SCN11A):c.1132TTC[2] (p.Phe380del)","Phe","del",380,NA,NA
"392","<a href=""https://www.ncbi.nlm.nih.gov/clinvar/variation/474709"" target=""_blank"">474709</a>","SCN11A","Duplication","Intronic","Benign","Criteria provided/ single submitter","Episodic pain syndrome, familial, 3;Neuropathy, hereditary sensory and autonomic, type VII","NM_001349253.2(SCN11A):c.268-17dup",NA,NA,NA,"0.989281","Yes"
"405","<a href=""https://www.ncbi.nlm.nih.gov/clinvar/variation/474684"" target=""_blank"">474684</a>","SCN11A","Duplication","In frame indel","Uncertain/conflicting","Criteria provided/ single submitter","Episodic pain syndrome, familial, 3;Neuropathy, hereditary sensory and autonomic, type VII","NM_001349253.2(SCN11A):c.1043_1045dup (p.Ser348dup)","Ser","dup",348,NA,NA
"410","<a href=""https://www.ncbi.nlm.nih.gov/clinvar/variation/474737"" target=""_blank"">474737</a>","SCN11A","Duplication","Frameshift","Uncertain/conflicting","Criteria provided/ multiple submitters/ no conflicts","Episodic pain syndrome, familial, 3;Neuropathy, hereditary sensory and autonomic, type VII|Not provided/ not specified","NM_001349253.2(SCN11A):c.494_501dup (p.Gly168fs)","Gly","fs",168,NA,NA
"413","<a href=""https://www.ncbi.nlm.nih.gov/clinvar/variation/488589"" target=""_blank"">488589</a>","SCN9A","Deletion","Frameshift","Pathogenic","No assertion criteria provided","Indifference to pain, congenital, autosomal recessive","NM_001365536.1(SCN9A):c.4364del (p.Val1455fs)","Val","fs",1455,"5.549982","No"
"449","<a href=""https://www.ncbi.nlm.nih.gov/clinvar/variation/526717"" target=""_blank"">526717</a>","NTRK1","Deletion","In frame indel","Uncertain/conflicting","Criteria provided/ single submitter","Hereditary insensitivity to pain with anhidrosis","NM_001007792.1(NTRK1):c.1978_2004del (p.Pro660_Phe668del)","Pro","_Phe668del",NA,NA,NA
"462","<a href=""https://www.ncbi.nlm.nih.gov/clinvar/variation/541572"" target=""_blank"">541572</a>","SCN11A","Microsatellite","In frame indel","Uncertain/conflicting","Criteria provided/ single submitter","Neuropathy, hereditary sensory and autonomic, type VII;Episodic pain syndrome, familial, 3","NM_001349253.2(SCN11A):c.2345CAT[3] (p.Ser785del)","Ser","del",785,NA,NA
"467","<a href=""https://www.ncbi.nlm.nih.gov/clinvar/variation/541554"" target=""_blank"">541554</a>","SCN11A","Microsatellite","Frameshift","Uncertain/conflicting","Criteria provided/ single submitter","Neuropathy, hereditary sensory and autonomic, type VII;Episodic pain syndrome, familial, 3","NM_001349253.2(SCN11A):c.5127_5128dup (p.Lys1710fs)","Lys","fs",1710,NA,NA
"497","<a href=""https://www.ncbi.nlm.nih.gov/clinvar/variation/541557"" target=""_blank"">541557</a>","SCN11A","Deletion","Stop gain","Uncertain/conflicting","Criteria provided/ single submitter","Neuropathy, hereditary sensory and autonomic, type VII;Episodic pain syndrome, familial, 3","NM_001349253.2(SCN11A):c.1483del (p.Leu494_Leu495insTer)","Leu","_Leu495insTer",NA,"4.059845","Yes"
"500","<a href=""https://www.ncbi.nlm.nih.gov/clinvar/variation/541576"" target=""_blank"">541576</a>","SCN11A","Indel","Stop gain","Uncertain/conflicting","Criteria provided/ single submitter","Neuropathy, hereditary sensory and autonomic, type VII;Episodic pain syndrome, familial, 3","NM_001349253.2(SCN11A):c.344_346delinsG (p.Phe115_Asn116delinsTer)","Phe","_Asn116delinsTer",NA,NA,NA
"520","<a href=""https://www.ncbi.nlm.nih.gov/clinvar/variation/552083"" target=""_blank"">552083</a>","NTRK1","Duplication","In frame indel","Uncertain/conflicting","Criteria provided/ multiple submitters/ no conflicts","Hereditary insensitivity to pain with anhidrosis","NM_001007792.1(NTRK1):c.1320_1322dup (p.Ser441dup)","Ser","dup",441,NA,NA
"522","<a href=""https://www.ncbi.nlm.nih.gov/clinvar/variation/559877"" target=""_blank"">559877</a>","PPM1D","Deletion","Frameshift","Likely pathogenic","Criteria provided/ single submitter","Intellectual developmental disorder with gastrointestinal difficulties and high pain threshold","NM_003620.3(PPM1D):c.1277del (p.Pro426fs)","Pro","fs",426,NA,"No"
"528","<a href=""https://www.ncbi.nlm.nih.gov/clinvar/variation/579700"" target=""_blank"">579700</a>","NTRK1","Deletion","Frameshift","Pathogenic","Criteria provided/ single submitter","Hereditary insensitivity to pain with anhidrosis","NM_001007792.1(NTRK1):c.1551del (p.Arg518fs)","Arg","fs",518,NA,"No"
"535","<a href=""https://www.ncbi.nlm.nih.gov/clinvar/variation/582158"" target=""_blank"">582158</a>","NTRK1","Microsatellite","In frame indel","Uncertain/conflicting","Criteria provided/ single submitter","Hereditary insensitivity to pain with anhidrosis","NM_002529.4(NTRK1):c.1986GGT[3] (p.Val664dup)","Val","dup",664,NA,NA
"536","<a href=""https://www.ncbi.nlm.nih.gov/clinvar/variation/580005"" target=""_blank"">580005</a>","NTRK1","Deletion","Frameshift","Uncertain/conflicting","Criteria provided/ single submitter","Hereditary insensitivity to pain with anhidrosis","NM_001007792.1(NTRK1):c.2227_2254del (p.Ala743fs)","Ala","fs",743,NA,NA
"539","<a href=""https://www.ncbi.nlm.nih.gov/clinvar/variation/579788"" target=""_blank"">579788</a>","NTRK1","Deletion","Intronic","Likely pathogenic","Criteria provided/ single submitter","Hereditary insensitivity to pain with anhidrosis","NM_002529.3(NTRK1):c.1196-3_1196-1del",NA,NA,NA,NA,NA
"548","<a href=""https://www.ncbi.nlm.nih.gov/clinvar/variation/578173"" target=""_blank"">578173</a>","NTRK1","Duplication","Frameshift","Pathogenic","Criteria provided/ single submitter","Hereditary insensitivity to pain with anhidrosis","NM_001007792.1(NTRK1):c.1202_1205dup (p.Leu403fs)","Leu","fs",403,NA,NA
"566","<a href=""https://www.ncbi.nlm.nih.gov/clinvar/variation/575371"" target=""_blank"">575371</a>","SCN11A","Microsatellite","In frame indel","Uncertain/conflicting","Criteria provided/ single submitter","Episodic pain syndrome, familial, 3;Neuropathy, hereditary sensory and autonomic, type VII","NM_001349253.2(SCN11A):c.1192GTT[1] (p.Val399del)","Val","del",399,NA,NA
"574","<a href=""https://www.ncbi.nlm.nih.gov/clinvar/variation/580673"" target=""_blank"">580673</a>","SCN11A","Deletion","Frameshift","Uncertain/conflicting","Criteria provided/ single submitter","Episodic pain syndrome, familial, 3;Neuropathy, hereditary sensory and autonomic, type VII","NM_001349253.2(SCN11A):c.2230del (p.Ser744fs)","Ser","fs",744,NA,"No"
"583","<a href=""https://www.ncbi.nlm.nih.gov/clinvar/variation/572538"" target=""_blank"">572538</a>","SCN11A","Microsatellite","In frame indel","Uncertain/conflicting","Criteria provided/ single submitter","Episodic pain syndrome, familial, 3;Neuropathy, hereditary sensory and autonomic, type VII","NM_001349253.2(SCN11A):c.3594CTT[1] (p.Phe1200del)","Phe","del",1200,NA,NA
"590","<a href=""https://www.ncbi.nlm.nih.gov/clinvar/variation/579947"" target=""_blank"">579947</a>","SCN11A","Deletion","Frameshift","Uncertain/conflicting","Criteria provided/ single submitter","Neuropathy, hereditary sensory and autonomic, type VII;Episodic pain syndrome, familial, 3","NM_001349253.2(SCN11A):c.673del (p.Arg225fs)","Arg","fs",225,NA,"No"
"592","<a href=""https://www.ncbi.nlm.nih.gov/clinvar/variation/565541"" target=""_blank"">565541</a>","SCN11A","Deletion","In frame indel","Uncertain/conflicting","Criteria provided/ single submitter","Episodic pain syndrome, familial, 3;Neuropathy, hereditary sensory and autonomic, type VII","NM_001349253.2(SCN11A):c.134_136del (p.Gly45del)","Gly","del",45,NA,NA
"606","<a href=""https://www.ncbi.nlm.nih.gov/clinvar/variation/625529"" target=""_blank"">625529</a>","PPM1D","Deletion","Frameshift","Pathogenic","No assertion criteria provided","Intellectual developmental disorder with gastrointestinal difficulties and high pain threshold","NM_003620.3(PPM1D):c.1248_1252del (p.Pro417fs)","Pro","fs",417,NA,NA
"608","<a href=""https://www.ncbi.nlm.nih.gov/clinvar/variation/637814"" target=""_blank"">637814</a>","NTRK1","Deletion","Frameshift","Pathogenic","Criteria provided/ single submitter","Charcot-Marie-Tooth disease|Hereditary insensitivity to pain with anhidrosis","NM_001007792.1(NTRK1):c.453del (p.Leu153fs)","Leu","fs",153,"2.309646","Yes"
"609","<a href=""https://www.ncbi.nlm.nih.gov/clinvar/variation/637912"" target=""_blank"">637912</a>","NTRK1","Deletion","Frameshift","Pathogenic","Criteria provided/ single submitter","Charcot-Marie-Tooth disease|Hereditary insensitivity to pain with anhidrosis","NM_001007792.1(NTRK1):c.834_840del (p.Gln278fs)","Gln","fs",278,NA,NA
"613","<a href=""https://www.ncbi.nlm.nih.gov/clinvar/variation/637368"" target=""_blank"">637368</a>","NTRK1","Deletion","Intronic","Likely pathogenic","Criteria provided/ single submitter","Charcot-Marie-Tooth disease|Hereditary insensitivity to pain with anhidrosis","NM_001007792.1(NTRK1):c.264_269+3del",NA,NA,NA,NA,NA
"616","<a href=""https://www.ncbi.nlm.nih.gov/clinvar/variation/638685"" target=""_blank"">638685</a>","PPM1D","Duplication","Frameshift","Pathogenic","No assertion criteria provided","Intellectual developmental disorder with gastrointestinal difficulties and high pain threshold","NM_003620.4(PPM1D):c.1259dup (p.Ser421fs)","Ser","fs",421,NA,"No"
"636","<a href=""https://www.ncbi.nlm.nih.gov/clinvar/variation/649492"" target=""_blank"">649492</a>","NTRK1","Deletion","Frameshift","Pathogenic","Criteria provided/ single submitter","Hereditary insensitivity to pain with anhidrosis","NM_001007792.1(NTRK1):c.941_953del (p.Gly314fs)","Gly","fs",314,NA,NA
"697","<a href=""https://www.ncbi.nlm.nih.gov/clinvar/variation/655192"" target=""_blank"">655192</a>","SCN11A","Deletion","Frameshift","Uncertain/conflicting","Criteria provided/ single submitter","Neuropathy, hereditary sensory and autonomic, type VII;Episodic pain syndrome, familial, 3","NM_001349253.2(SCN11A):c.516del (p.Phe172fs)","Phe","fs",172,NA,"No"
"701","<a href=""https://www.ncbi.nlm.nih.gov/clinvar/variation/648715"" target=""_blank"">648715</a>","NTRK1","Deletion","Intronic","Pathogenic","Criteria provided/ single submitter","Hereditary insensitivity to pain with anhidrosis","NM_001012331.1(NTRK1):c.575delG",NA,NA,NA,NA,"No"
"702","<a href=""https://www.ncbi.nlm.nih.gov/clinvar/variation/652396"" target=""_blank"">652396</a>","SCN11A","Deletion","Deletion","Uncertain/conflicting","Criteria provided/ single submitter","Neuropathy, hereditary sensory and autonomic, type VII;Episodic pain syndrome, familial, 3","NC_000003.12:g.(?_38925395)_(38925529_?)del",NA,NA,NA,NA,NA
"704","<a href=""https://www.ncbi.nlm.nih.gov/clinvar/variation/660349"" target=""_blank"">660349</a>","SCN11A","Deletion","Intronic","Uncertain/conflicting","Criteria provided/ single submitter","Episodic pain syndrome, familial, 3;Neuropathy, hereditary sensory and autonomic, type VII","NM_001349253.2(SCN11A):c.3391_3393+7del",NA,NA,NA,NA,NA
"773","<a href=""https://www.ncbi.nlm.nih.gov/clinvar/variation/748358"" target=""_blank"">748358</a>","NTRK1","Duplication","Intronic","Likely benign","Criteria provided/ single submitter","Not provided/ not specified|Hereditary insensitivity to pain with anhidrosis","NM_001007792.1(NTRK1):c.1394-5dup",NA,NA,NA,"1.782934","Yes"
"834","<a href=""https://www.ncbi.nlm.nih.gov/clinvar/variation/801563"" target=""_blank"">801563</a>","NTRK1","Microsatellite","Intronic","Likely benign","Criteria provided/ single submitter","Hereditary insensitivity to pain with anhidrosis","NM_002529.3(NTRK1):c.1501+35GT[12]",NA,NA,NA,NA,NA
"839","<a href=""https://www.ncbi.nlm.nih.gov/clinvar/variation/817626"" target=""_blank"">817626</a>","PPM1D","Deletion","Frameshift","Pathogenic","Criteria provided/ multiple submitters/ no conflicts","Not provided/ not specified|Intellectual developmental disorder with gastrointestinal difficulties and high pain threshold","NM_003620.4(PPM1D):c.1535del (p.Asn512fs)","Asn","fs",512,"4.101195","Yes"
"846","<a href=""https://www.ncbi.nlm.nih.gov/clinvar/variation/862988"" target=""_blank"">862988</a>","NTRK1","Duplication","Frameshift","Pathogenic","Criteria provided/ single submitter","Hereditary insensitivity to pain with anhidrosis","NM_001007792.1(NTRK1):c.136_139dup (p.Gln47fs)","Gln","fs",47,NA,NA
"869","<a href=""https://www.ncbi.nlm.nih.gov/clinvar/variation/835302"" target=""_blank"">835302</a>","NTRK1","Duplication","Frameshift","Pathogenic","Criteria provided/ single submitter","Hereditary insensitivity to pain with anhidrosis","NM_001007792.1(NTRK1):c.1947_1950dup (p.Thr651fs)","Thr","fs",651,NA,NA
"917","<a href=""https://www.ncbi.nlm.nih.gov/clinvar/variation/841216"" target=""_blank"">841216</a>","NTRK1","Deletion","Intronic","Likely pathogenic","Criteria provided/ single submitter","Hereditary insensitivity to pain with anhidrosis","NM_001007792.1(NTRK1):c.269+227_343del",NA,NA,NA,NA,NA
"918","<a href=""https://www.ncbi.nlm.nih.gov/clinvar/variation/859211"" target=""_blank"">859211</a>","NTRK1","Duplication","Intronic","Pathogenic","Criteria provided/ single submitter","Hereditary insensitivity to pain with anhidrosis","NM_001007792.1(NTRK1):c.197+2dup",NA,NA,NA,"4.232391","Yes"
"1009","<a href=""https://www.ncbi.nlm.nih.gov/clinvar/variation/938108"" target=""_blank"">938108</a>","NTRK1","Microsatellite","Missense","Uncertain/conflicting","Criteria provided/ single submitter","Hereditary insensitivity to pain with anhidrosis","NM_001007792.1(NTRK1):c.139CAGCATCTG[1] (p.47QHL[1])",NA,"QHL[1]",NA,NA,NA
"1010","<a href=""https://www.ncbi.nlm.nih.gov/clinvar/variation/935126"" target=""_blank"">935126</a>","NTRK1","Deletion","Frameshift","Pathogenic","Criteria provided/ single submitter","Hereditary insensitivity to pain with anhidrosis","NM_001007792.1(NTRK1):c.141del (p.Gln47fs)","Gln","fs",47,NA,"No"
"1016","<a href=""https://www.ncbi.nlm.nih.gov/clinvar/variation/938152"" target=""_blank"">938152</a>","NTRK1","Deletion","Frameshift","Likely pathogenic","Criteria provided/ single submitter","Hereditary insensitivity to pain with anhidrosis","NM_001007792.1(NTRK1):c.2035del (p.Val679fs)","Val","fs",679,NA,"No"
"1074","<a href=""https://www.ncbi.nlm.nih.gov/clinvar/variation/966876"" target=""_blank"">966876</a>","SCN11A","Duplication","Frameshift","Uncertain/conflicting","Criteria provided/ single submitter","Episodic pain syndrome, familial, 3;Neuropathy, hereditary sensory and autonomic, type VII","NM_001349253.2(SCN11A):c.4014dup (p.Leu1339fs)","Leu","fs",1339,"4.765399","Yes"
"1085","<a href=""https://www.ncbi.nlm.nih.gov/clinvar/variation/976152"" target=""_blank"">976152</a>","PPM1D","Deletion","Frameshift","Likely pathogenic","Criteria provided/ single submitter","Intellectual developmental disorder with gastrointestinal difficulties and high pain threshold","NM_003620.4(PPM1D):c.1606del (p.Arg536fs)","Arg","fs",536,NA,"No"
"1087","<a href=""https://www.ncbi.nlm.nih.gov/clinvar/variation/982378"" target=""_blank"">982378</a>","PPM1D","Indel","Frameshift","Pathogenic","Criteria provided/ single submitter","Intellectual developmental disorder with gastrointestinal difficulties and high pain threshold","NM_003620.4(PPM1D):c.1388_1389delinsA (p.Gly463fs)","Gly","fs",463,NA,"No"
"1120","<a href=""https://www.ncbi.nlm.nih.gov/clinvar/variation/1007402"" target=""_blank"">1007402</a>","SCN11A","Deletion","Frameshift","Uncertain/conflicting","Criteria provided/ single submitter","Episodic pain syndrome, familial, 3;Neuropathy, hereditary sensory and autonomic, type VII","NM_001349253.2(SCN11A):c.1710del (p.Arg571fs)","Arg","fs",571,NA,"No"
"1122","<a href=""https://www.ncbi.nlm.nih.gov/clinvar/variation/1003809"" target=""_blank"">1003809</a>","SCN11A","Insertion","Frameshift","Uncertain/conflicting","Criteria provided/ single submitter","Episodic pain syndrome, familial, 3;Neuropathy, hereditary sensory and autonomic, type VII","NM_001349253.2(SCN11A):c.1255_1256insGA (p.Lys419fs)","Lys","fs",419,NA,NA
"1129","<a href=""https://www.ncbi.nlm.nih.gov/clinvar/variation/1015723"" target=""_blank"">1015723</a>","SCN11A","Duplication","Duplication","Uncertain/conflicting","Criteria provided/ single submitter","Episodic pain syndrome, familial, 3;Neuropathy, hereditary sensory and autonomic, type VII","NC_000003.11:g.(?_38591802)_(38991863_?)dup",NA,NA,NA,NA,NA
"1143","<a href=""https://www.ncbi.nlm.nih.gov/clinvar/variation/1026058"" target=""_blank"">1026058</a>","SCN11A","Duplication","Frameshift","Uncertain/conflicting","Criteria provided/ single submitter","Episodic pain syndrome, familial, 3;Neuropathy, hereditary sensory and autonomic, type VII","NM_001349253.2(SCN11A):c.2713_2719dup (p.Leu907fs)","Leu","fs",907,NA,NA
"1155","<a href=""https://www.ncbi.nlm.nih.gov/clinvar/variation/1031346"" target=""_blank"">1031346</a>","PPM1D","Duplication","Frameshift","Pathogenic","Criteria provided/ single submitter","Intellectual developmental disorder with gastrointestinal difficulties and high pain threshold","NM_003620.4(PPM1D):c.1278dup (p.Trp427fs)","Trp","fs",427,NA,"No"
"1156","<a href=""https://www.ncbi.nlm.nih.gov/clinvar/variation/1039910"" target=""_blank"">1039910</a>","NTRK1","Deletion","Deletion","Uncertain/conflicting","Criteria provided/ single submitter","Hereditary insensitivity to pain with anhidrosis","NC_000001.10:g.(?_156834510)_(156834601_?)del",NA,NA,NA,NA,NA
"1162","<a href=""https://www.ncbi.nlm.nih.gov/clinvar/variation/1044380"" target=""_blank"">1044380</a>","SCN11A","Insertion","Frameshift","Uncertain/conflicting","Criteria provided/ single submitter","Episodic pain syndrome, familial, 3;Neuropathy, hereditary sensory and autonomic, type VII","NM_001349253.2(SCN11A):c.3908_3909insA (p.Phe1303fs)","Phe","fs",1303,"5.910167","Yes"
"1166","<a href=""https://www.ncbi.nlm.nih.gov/clinvar/variation/1047399"" target=""_blank"">1047399</a>","SCN11A","Deletion","Frameshift","Uncertain/conflicting","Criteria provided/ single submitter","Episodic pain syndrome, familial, 3;Neuropathy, hereditary sensory and autonomic, type VII","NM_001349253.2(SCN11A):c.2173del (p.Arg725fs)","Arg","fs",725,"0.910633","Yes"
"1172","<a href=""https://www.ncbi.nlm.nih.gov/clinvar/variation/1041166"" target=""_blank"">1041166</a>","SCN11A","Duplication","Frameshift","Uncertain/conflicting","Criteria provided/ single submitter","Neuropathy, hereditary sensory and autonomic, type VII;Episodic pain syndrome, familial, 3","NM_001349253.2(SCN11A):c.541dup (p.Arg181fs)","Arg","fs",181,NA,"No"
"1173","<a href=""https://www.ncbi.nlm.nih.gov/clinvar/variation/1036371"" target=""_blank"">1036371</a>","SCN11A","Deletion","In frame indel","Uncertain/conflicting","Criteria provided/ single submitter","Episodic pain syndrome, familial, 3;Neuropathy, hereditary sensory and autonomic, type VII","NM_001349253.2(SCN11A):c.357_359del (p.Arg119del)","Arg","del",119,NA,NA
"1204","<a href=""https://www.ncbi.nlm.nih.gov/clinvar/variation/1073488"" target=""_blank"">1073488</a>","NTRK1","Deletion","Frameshift","Pathogenic","Criteria provided/ single submitter","Hereditary insensitivity to pain with anhidrosis","NM_002529.4(NTRK1):c.989_990del (p.Thr330fs)","Thr","fs",330,NA,NA
"1205","<a href=""https://www.ncbi.nlm.nih.gov/clinvar/variation/1076204"" target=""_blank"">1076204</a>","NTRK1","Deletion","Frameshift","Pathogenic","Criteria provided/ single submitter","Hereditary insensitivity to pain with anhidrosis","NM_002529.4(NTRK1):c.1294del (p.Leu432fs)","Leu","fs",432,NA,"No"
"1206","<a href=""https://www.ncbi.nlm.nih.gov/clinvar/variation/1074362"" target=""_blank"">1074362</a>","NTRK1","Insertion","Stop gain","Pathogenic","Criteria provided/ single submitter","Hereditary insensitivity to pain with anhidrosis","NM_002529.4(NTRK1):c.1649_1650insGGCAGGAAGTCGGCACTGAA (p.Glu551_Ser552insAlaGlySerArgHisTer)","Glu","_Ser552insAlaGlySerArgHisTer",NA,NA,NA
"1207","<a href=""https://www.ncbi.nlm.nih.gov/clinvar/variation/1072893"" target=""_blank"">1072893</a>","NTRK1","Duplication","Frameshift","Pathogenic","Criteria provided/ single submitter","Hereditary insensitivity to pain with anhidrosis","NM_002529.4(NTRK1):c.1796_1803dup (p.Arg602fs)","Arg","fs",602,NA,NA
"1208","<a href=""https://www.ncbi.nlm.nih.gov/clinvar/variation/1070409"" target=""_blank"">1070409</a>","NTRK1","Duplication","Frameshift","Pathogenic","Criteria provided/ single submitter","Hereditary insensitivity to pain with anhidrosis","NM_002529.4(NTRK1):c.1877dup (p.Leu627fs)","Leu","fs",627,"5.324336","Yes"
"1209","<a href=""https://www.ncbi.nlm.nih.gov/clinvar/variation/1070814"" target=""_blank"">1070814</a>","NTRK1","Deletion","Frameshift","Pathogenic","Criteria provided/ single submitter","Hereditary insensitivity to pain with anhidrosis","NM_002529.4(NTRK1):c.2025_2026del (p.Tyr676fs)","Tyr","fs",676,NA,NA
"1310","<a href=""https://www.ncbi.nlm.nih.gov/clinvar/variation/1103480"" target=""_blank"">1103480</a>","SCN11A","Deletion","Intronic","Likely benign","Criteria provided/ single submitter","Neuropathy, hereditary sensory and autonomic, type VII;Episodic pain syndrome, familial, 3","NM_001349253.2(SCN11A):c.267+8_267+9del",NA,NA,NA,NA,NA
"1318","<a href=""https://www.ncbi.nlm.nih.gov/clinvar/variation/1129501"" target=""_blank"">1129501</a>","NTRK1","Deletion","Intronic","Likely benign","Criteria provided/ single submitter","Hereditary insensitivity to pain with anhidrosis","NM_002529.4(NTRK1):c.429-3del",NA,NA,NA,NA,"Yes"
"1352","<a href=""https://www.ncbi.nlm.nih.gov/clinvar/variation/1130442"" target=""_blank"">1130442</a>","SCN11A","Deletion","Intronic","Likely benign","Criteria provided/ single submitter","Neuropathy, hereditary sensory and autonomic, type VII;Episodic pain syndrome, familial, 3","NM_001349253.2(SCN11A):c.893-8del",NA,NA,NA,"0.203549","Yes"
"1387","<a href=""https://www.ncbi.nlm.nih.gov/clinvar/variation/1142743"" target=""_blank"">1142743</a>","SCN11A","Deletion","Intronic","Likely benign","Criteria provided/ single submitter","Episodic pain syndrome, familial, 3;Neuropathy, hereditary sensory and autonomic, type VII","NM_001349253.2(SCN11A):c.4057-6del",NA,NA,NA,"0.264390","Yes"
